Team,Date,Time,Competition,Day,Venue,Result,Goals For,Goals Against,Opponent,xG For,xG Against,Possession,Attendance,Captain,Formation,Opposition Formation,Referee,For_goals,For_shots,For_shots_on_target,For_shots_on_target_pct,For_goals_per_shot,For_goals_per_shot_on_target,For_average_shot_distance,For_shots_free_kicks,For_pens_made,For_pens_att,For_xg,For_npxg,For_npxg_per_shot,For_xg_net,For_npxg_net,Against_goals,Against_shots,Against_shots_on_target,Against_shots_on_target_pct,Against_goals_per_shot,Against_goals_per_shot_on_target,Against_average_shot_distance,Against_shots_free_kicks,Against_pens_made,Against_pens_att,Against_xg,Against_npxg,Against_npxg_per_shot,Against_xg_net,Against_npxg_net,For_gk_shots_on_target_against,For_gk_goals_against,For_gk_saves,For_gk_save_pct,For_gk_clean_sheets,For_gk_psxg,For_gk_psxg_net,For_gk_pens_att,For_gk_pens_allowed,For_gk_pens_saved,For_gk_pens_missed,For_gk_passes_completed_launched,For_gk_passes_launched,For_gk_passes_pct_launched,For_gk_passes,For_gk_passes_throws,For_gk_pct_passes_launched,For_gk_passes_length_avg,For_gk_goal_kicks,For_gk_pct_goal_kicks_launched,For_gk_goal_kick_length_avg,For_gk_crosses,For_gk_crosses_stopped,For_gk_crosses_stopped_pct,For_gk_def_actions_outside_pen_area,For_gk_avg_distance_def_actions,Against_gk_shots_on_target_against,Against_gk_goals_against,Against_gk_saves,Against_gk_save_pct,Against_gk_clean_sheets,Against_gk_psxg,Against_gk_psxg_net,Against_gk_pens_att,Against_gk_pens_allowed,Against_gk_pens_saved,Against_gk_pens_missed,Against_gk_passes_completed_launched,Against_gk_passes_launched,Against_gk_passes_pct_launched,Against_gk_passes,Against_gk_passes_throws,Against_gk_pct_passes_launched,Against_gk_passes_length_avg,Against_gk_goal_kicks,Against_gk_pct_goal_kicks_launched,Against_gk_goal_kick_length_avg,Against_gk_crosses,Against_gk_crosses_stopped,Against_gk_crosses_stopped_pct,Against_gk_def_actions_outside_pen_area,Against_gk_avg_distance_def_actions,For_passes_completed,For_passes,For_passes_pct,For_passes_total_distance,For_passes_progressive_distance,For_passes_completed_short,For_passes_short,For_passes_pct_short,For_passes_completed_medium,For_passes_medium,For_passes_pct_medium,For_passes_completed_long,For_passes_long,For_passes_pct_long,For_assists,For_xg_assist,For_pass_xa,For_assisted_shots,For_passes_into_final_third,For_passes_into_penalty_area,For_crosses_into_penalty_area,For_progressive_passes,Against_passes_completed,Against_passes,Against_passes_pct,Against_passes_total_distance,Against_passes_progressive_distance,Against_passes_completed_short,Against_passes_short,Against_passes_pct_short,Against_passes_completed_medium,Against_passes_medium,Against_passes_pct_medium,Against_passes_completed_long,Against_passes_long,Against_passes_pct_long,Against_assists,Against_xg_assist,Against_pass_xa,Against_assisted_shots,Against_passes_into_final_third,Against_passes_into_penalty_area,Against_crosses_into_penalty_area,Against_progressive_passes,For_sca,For_sca_passes_live,For_sca_passes_dead,For_sca_take_ons,For_sca_shots,For_sca_fouled,For_sca_defense,For_gca,For_gca_passes_live,For_gca_passes_dead,For_gca_take_ons,For_gca_shots,For_gca_fouled,For_gca_defense,Against_sca,Against_sca_passes_live,Against_sca_passes_dead,Against_sca_take_ons,Against_sca_shots,Against_sca_fouled,Against_sca_defense,Against_gca,Against_gca_passes_live,Against_gca_passes_dead,Against_gca_take_ons,Against_gca_shots,Against_gca_fouled,Against_gca_defense,For_tackles,For_tackles_won_x,For_tackles_def_3rd,For_tackles_mid_3rd,For_tackles_att_3rd,For_challenge_tackles,For_challenges,For_challenge_tackles_pct,For_challenges_lost,For_blocks,For_blocked_shots,For_blocked_passes,For_interceptions_x,For_tackles_interceptions,For_clearances,For_errors,Against_tackles,Against_tackles_won_x,Against_tackles_def_3rd,Against_tackles_mid_3rd,Against_tackles_att_3rd,Against_challenge_tackles,Against_challenges,Against_challenge_tackles_pct,Against_challenges_lost,Against_blocks,Against_blocked_shots,Against_blocked_passes,Against_interceptions_x,Against_tackles_interceptions,Against_clearances,Against_errors,For_possession,For_touches,For_touches_def_pen_area,For_touches_def_3rd,For_touches_mid_3rd,For_touches_att_3rd,For_touches_att_pen_area,For_touches_live_ball,For_take_ons,For_take_ons_won,For_take_ons_won_pct,For_take_ons_tackled,For_take_ons_tackled_pct,For_carries,For_carries_distance,For_carries_progressive_distance,For_progressive_carries,For_carries_into_final_third,For_carries_into_penalty_area,For_miscontrols,For_dispossessed,For_passes_received,For_progressive_passes_received,Against_possession,Against_touches,Against_touches_def_pen_area,Against_touches_def_3rd,Against_touches_mid_3rd,Against_touches_att_3rd,Against_touches_att_pen_area,Against_touches_live_ball,Against_take_ons,Against_take_ons_won,Against_take_ons_won_pct,Against_take_ons_tackled,Against_take_ons_tackled_pct,Against_carries,Against_carries_distance,Against_carries_progressive_distance,Against_progressive_carries,Against_carries_into_final_third,Against_carries_into_penalty_area,Against_miscontrols,Against_dispossessed,Against_passes_received,Against_progressive_passes_received,For_cards_yellow,For_cards_red,For_cards_yellow_red,For_fouls,For_fouled,For_offsides,For_crosses,For_interceptions_y,For_tackles_won_y,For_pens_won,For_pens_conceded,For_own_goals,For_ball_recoveries,For_aerials_won,For_aerials_lost,For_aerials_won_pct,Against_cards_yellow,Against_cards_red,Against_cards_yellow_red,Against_fouls,Against_fouled,Against_offsides,Against_crosses,Against_interceptions_y,Against_tackles_won_y,Against_pens_won,Against_pens_conceded,Against_own_goals,Against_ball_recoveries,Against_aerials_won,Against_aerials_lost,Against_aerials_won_pct,year
Canberra Utd,2024-11-02,15:00(05:00),Regular season,Sat,Home,W,3.0,2.0,Brisbane Roar,1.3,1.9,39.0,1180.0,Michelle Heyman,3-4-3,4-1-4-1,Rachel Mitchenson,3.0,6.0,5.0,83.3,0.5,0.6,16.7,0.0,0.0,0.0,1.3,1.3,0.22,1.7,1.7,2.0,22.0,5.0,22.7,0.09,0.4,17.4,1.0,0.0,0.0,1.9,1.9,0.09,0.1,0.1,5.0,2.0,3.0,60.0,0.0,2.1,0.1,0.0,0.0,0.0,0.0,7.0,18.0,38.9,17.0,4.0,35.3,34.1,17.0,70.6,40.1,23.0,1.0,4.3,0.0,6.0,5.0,3.0,2.0,40.0,0.0,2.5,-0.5,0.0,0.0,0.0,0.0,0.0,3.0,0.0,15.0,3.0,6.7,22.7,4.0,50.0,31.3,7.0,1.0,14.3,0.0,10.5,194.0,308.0,63.0,3847.0,1850.0,88.0,111.0,79.3,67.0,104.0,64.4,37.0,81.0,45.7,1.0,0.3,0.4,3.0,16.0,2.0,0.0,20.0,351.0,490.0,71.6,5766.0,2481.0,178.0,215.0,82.8,121.0,178.0,68.0,35.0,68.0,51.5,1.0,1.2,1.9,13.0,28.0,10.0,2.0,53.0,11.0,10.0,0.0,0.0,1.0,0.0,0.0,5.0,4.0,0.0,0.0,1.0,0.0,0.0,37.0,22.0,5.0,2.0,4.0,4.0,0.0,4.0,2.0,0.0,1.0,0.0,1.0,0.0,25.0,21.0,15.0,8.0,2.0,17.0,26.0,65.4,9.0,12.0,4.0,8.0,15.0,40.0,46.0,1.0,37.0,31.0,9.0,17.0,11.0,19.0,23.0,82.6,4.0,10.0,0.0,10.0,10.0,47.0,13.0,0.0,39.0,456.0,80.0,220.0,166.0,74.0,16.0,456.0,23.0,4.0,17.4,19.0,82.6,176.0,873.0,368.0,5.0,3.0,7.0,19.0,18.0,192.0,20.0,61.0,622.0,33.0,167.0,240.0,223.0,28.0,622.0,26.0,9.0,34.6,17.0,65.4,285.0,1388.0,644.0,15.0,10.0,2.0,17.0,8.0,348.0,53.0,2.0,0.0,0.0,12.0,6.0,1.0,7.0,15.0,21.0,0.0,0.0,0.0,46.0,12.0,13.0,48.0,1.0,0.0,0.0,7.0,12.0,1.0,27.0,10.0,31.0,0.0,0.0,0.0,61.0,13.0,12.0,52.0,2024-2025
Canberra Utd,2024-11-10,16:00(03:00),Regular season,Sun,Away,W,1.0,0.0,Wellington Phoenix,1.2,1.8,34.0,645.0,Michelle Heyman,3-4-3,3-4-1-2,Beth Rattray,1.0,8.0,3.0,37.5,0.13,0.33,15.0,0.0,0.0,0.0,1.2,1.2,0.15,-0.2,-0.2,0.0,18.0,7.0,38.9,0.0,0.0,14.6,0.0,0.0,0.0,1.8,1.8,0.1,-1.8,-1.8,7.0,0.0,7.0,100.0,1.0,1.7,1.7,0.0,0.0,0.0,0.0,4.0,19.0,21.1,18.0,2.0,66.7,54.8,11.0,63.6,48.5,24.0,1.0,4.2,0.0,5.0,3.0,1.0,2.0,66.7,0.0,1.3,0.4,0.0,0.0,0.0,0.0,4.0,8.0,50.0,38.0,9.0,2.6,27.2,7.0,0.0,12.9,14.0,4.0,28.6,4.0,14.1,152.0,271.0,56.1,3465.0,1954.0,43.0,64.0,67.2,77.0,117.0,65.8,31.0,83.0,37.3,0.0,1.1,0.9,6.0,15.0,6.0,1.0,22.0,394.0,519.0,75.9,6858.0,3393.0,182.0,218.0,83.5,167.0,202.0,82.7,38.0,70.0,54.3,0.0,1.0,1.0,11.0,40.0,20.0,7.0,58.0,13.0,9.0,3.0,1.0,0.0,0.0,0.0,2.0,2.0,0.0,0.0,0.0,0.0,0.0,30.0,19.0,4.0,1.0,5.0,0.0,1.0,0.0,0.0,0.0,0.0,0.0,0.0,0.0,27.0,18.0,18.0,8.0,1.0,15.0,25.0,60.0,10.0,14.0,4.0,10.0,6.0,33.0,29.0,0.0,24.0,16.0,12.0,7.0,5.0,7.0,13.0,53.8,6.0,7.0,1.0,6.0,13.0,37.0,22.0,0.0,34.0,387.0,67.0,177.0,115.0,99.0,19.0,387.0,13.0,6.0,46.2,7.0,53.8,111.0,536.0,271.0,8.0,3.0,2.0,17.0,17.0,150.0,22.0,66.0,661.0,59.0,188.0,242.0,238.0,34.0,661.0,25.0,10.0,40.0,15.0,60.0,292.0,1683.0,819.0,14.0,12.0,6.0,30.0,12.0,390.0,58.0,1.0,0.0,0.0,5.0,13.0,1.0,15.0,6.0,18.0,0.0,0.0,0.0,40.0,2.0,12.0,14.3,1.0,0.0,0.0,13.0,5.0,0.0,29.0,13.0,16.0,0.0,0.0,0.0,52.0,12.0,2.0,85.7,2024-2025
Canberra Utd,2024-11-16,15:00(05:00),Regular season,Sat,Home,L,0.0,2.0,Adelaide Utd,1.1,0.7,44.0,1249.0,Michelle Heyman,3-4-3,4-3-3,Rebecca Durcau,0.0,11.0,3.0,27.3,0.0,0.0,17.8,0.0,0.0,0.0,1.1,1.1,0.1,-1.1,-1.1,2.0,15.0,5.0,33.3,0.13,0.4,19.5,0.0,0.0,0.0,0.7,0.7,0.05,1.3,1.3,5.0,2.0,3.0,60.0,0.0,1.2,-0.8,0.0,0.0,0.0,0.0,4.0,7.0,57.1,20.0,2.0,25.0,32.4,8.0,25.0,26.1,15.0,0.0,0.0,1.0,8.5,3.0,0.0,3.0,100.0,1.0,0.8,0.8,0.0,0.0,0.0,0.0,2.0,14.0,14.3,25.0,5.0,36.0,31.9,14.0,35.7,29.0,11.0,0.0,0.0,2.0,25.5,300.0,412.0,72.8,6541.0,2941.0,85.0,115.0,73.9,149.0,182.0,81.9,59.0,97.0,60.8,0.0,0.7,0.8,8.0,35.0,10.0,2.0,42.0,395.0,530.0,74.5,6568.0,2799.0,194.0,233.0,83.3,176.0,214.0,82.2,22.0,64.0,34.4,1.0,0.5,0.4,11.0,24.0,6.0,1.0,42.0,18.0,13.0,2.0,1.0,1.0,1.0,0.0,0.0,0.0,0.0,0.0,0.0,0.0,0.0,26.0,21.0,0.0,2.0,2.0,1.0,0.0,4.0,3.0,0.0,1.0,0.0,0.0,0.0,26.0,16.0,9.0,11.0,6.0,14.0,21.0,66.7,7.0,15.0,4.0,11.0,9.0,35.0,39.0,1.0,30.0,16.0,13.0,12.0,5.0,8.0,17.0,47.1,9.0,9.0,2.0,7.0,9.0,39.0,20.0,0.0,44.0,549.0,54.0,215.0,231.0,111.0,11.0,549.0,17.0,9.0,52.9,8.0,47.1,264.0,1581.0,683.0,9.0,8.0,3.0,14.0,22.0,293.0,41.0,56.0,654.0,66.0,278.0,232.0,147.0,24.0,654.0,21.0,7.0,33.3,14.0,66.7,395.0,1743.0,848.0,11.0,8.0,5.0,19.0,12.0,394.0,41.0,1.0,0.0,0.0,6.0,4.0,0.0,12.0,9.0,16.0,0.0,0.0,0.0,35.0,9.0,3.0,75.0,0.0,0.0,0.0,4.0,6.0,1.0,22.0,9.0,16.0,0.0,0.0,0.0,45.0,3.0,9.0,25.0,2024-2025
Canberra Utd,2024-11-24,12:30(02:30),Regular season,Sun,Home,D,1.0,1.0,Perth Glory,0.6,1.0,47.0,1237.0,Michelle Heyman,3-4-3,4-2-3-1,Beth Rattray,1.0,7.0,1.0,14.3,0.14,1.0,18.9,0.0,0.0,0.0,0.6,0.6,0.08,0.4,0.4,1.0,14.0,4.0,28.6,0.07,0.25,17.4,0.0,0.0,0.0,1.0,1.0,0.07,0.0,0.0,4.0,1.0,3.0,75.0,0.0,0.6,-0.4,0.0,0.0,0.0,0.0,7.0,20.0,35.0,39.0,2.0,43.6,34.7,5.0,60.0,37.4,13.0,1.0,7.7,2.0,18.0,1.0,1.0,0.0,0.0,0.0,0.3,-0.7,0.0,0.0,0.0,0.0,3.0,9.0,33.3,29.0,5.0,13.8,25.4,13.0,38.5,31.9,16.0,2.0,12.5,1.0,13.0,301.0,446.0,67.5,5720.0,2461.0,107.0,159.0,67.3,142.0,180.0,78.9,42.0,87.0,48.3,1.0,0.6,0.8,6.0,30.0,7.0,2.0,48.0,373.0,511.0,73.0,6492.0,3010.0,168.0,193.0,87.0,172.0,217.0,79.3,27.0,78.0,34.6,1.0,0.6,0.9,10.0,28.0,4.0,0.0,30.0,12.0,11.0,0.0,1.0,0.0,0.0,0.0,2.0,2.0,0.0,0.0,0.0,0.0,0.0,21.0,14.0,1.0,1.0,3.0,0.0,2.0,1.0,1.0,0.0,0.0,0.0,0.0,0.0,15.0,12.0,3.0,12.0,0.0,2.0,4.0,50.0,2.0,16.0,5.0,11.0,10.0,25.0,19.0,0.0,30.0,23.0,13.0,13.0,4.0,17.0,25.0,68.0,8.0,5.0,1.0,4.0,15.0,45.0,22.0,0.0,47.0,553.0,60.0,186.0,215.0,155.0,25.0,553.0,25.0,8.0,32.0,17.0,68.0,256.0,1378.0,564.0,14.0,6.0,7.0,15.0,13.0,299.0,48.0,53.0,644.0,68.0,212.0,323.0,112.0,20.0,644.0,4.0,2.0,50.0,2.0,50.0,326.0,1053.0,502.0,7.0,7.0,3.0,22.0,13.0,370.0,30.0,0.0,0.0,0.0,7.0,5.0,1.0,18.0,10.0,12.0,0.0,0.0,0.0,55.0,17.0,6.0,73.9,0.0,0.0,0.0,5.0,7.0,5.0,13.0,15.0,23.0,0.0,0.0,0.0,61.0,6.0,17.0,26.1,2024-2025
Canberra Utd,2024-11-30,16:00(05:00),Regular season,Sat,Away,L,1.0,2.0,Central Coast Mariners,1.9,1.3,53.0,723.0,Liz Anton,3-5-2,4-4-2,Mikayla Ryan,1.0,23.0,10.0,43.5,0.04,0.1,15.1,0.0,0.0,0.0,1.9,1.9,0.08,-0.9,-0.9,2.0,7.0,4.0,57.1,0.29,0.5,19.2,0.0,0.0,1.0,1.3,0.6,0.08,0.7,1.4,5.0,2.0,2.0,60.0,0.0,2.4,0.4,1.0,0.0,1.0,0.0,2.0,6.0,33.3,54.0,6.0,9.3,26.7,5.0,20.0,20.8,5.0,0.0,0.0,2.0,27.5,10.0,1.0,9.0,90.0,0.0,2.0,1.0,0.0,0.0,0.0,0.0,2.0,12.0,16.7,25.0,9.0,20.0,28.6,12.0,58.3,42.1,14.0,0.0,0.0,0.0,11.5,364.0,476.0,76.5,7181.0,2588.0,116.0,148.0,78.4,203.0,228.0,89.0,40.0,83.0,48.2,1.0,1.3,1.6,15.0,32.0,7.0,2.0,41.0,306.0,416.0,73.6,5720.0,2435.0,120.0,149.0,80.5,151.0,184.0,82.1,33.0,66.0,50.0,2.0,0.6,0.5,7.0,28.0,5.0,2.0,30.0,38.0,23.0,4.0,4.0,7.0,0.0,0.0,2.0,2.0,0.0,0.0,0.0,0.0,0.0,16.0,11.0,1.0,3.0,0.0,1.0,0.0,4.0,4.0,0.0,0.0,0.0,0.0,0.0,26.0,13.0,9.0,12.0,5.0,19.0,28.0,67.9,9.0,11.0,2.0,9.0,22.0,48.0,17.0,0.0,14.0,11.0,7.0,6.0,1.0,6.0,14.0,42.9,8.0,13.0,6.0,7.0,16.0,30.0,28.0,0.0,53.0,620.0,58.0,207.0,268.0,154.0,32.0,620.0,14.0,8.0,57.1,6.0,42.9,383.0,1992.0,1227.0,23.0,11.0,9.0,15.0,8.0,360.0,41.0,47.0,550.0,70.0,236.0,216.0,104.0,15.0,549.0,28.0,9.0,32.1,19.0,67.9,255.0,1517.0,853.0,16.0,5.0,5.0,22.0,7.0,301.0,30.0,2.0,0.0,0.0,13.0,4.0,2.0,18.0,22.0,13.0,0.0,1.0,0.0,60.0,8.0,4.0,66.7,1.0,0.0,0.0,4.0,11.0,2.0,10.0,16.0,11.0,1.0,0.0,0.0,47.0,4.0,8.0,33.3,2024-2025
Canberra Utd,2024-12-15,19:45(08:45),Regular season,Sun,Away,L,2.0,4.0,Melb City,1.5,2.3,36.0,926.0,Michelle Heyman,3-5-1-1,4-3-3,Rebecca Mackie,2.0,8.0,3.0,37.5,0.25,0.67,16.9,0.0,0.0,0.0,1.5,1.5,0.18,0.5,0.5,3.0,17.0,8.0,47.1,0.18,0.38,17.1,0.0,0.0,0.0,2.3,2.3,0.15,0.7,0.7,8.0,4.0,5.0,50.0,0.0,2.5,-0.5,0.0,0.0,0.0,0.0,3.0,13.0,23.1,22.0,1.0,40.9,36.3,10.0,40.0,34.0,15.0,1.0,6.7,0.0,8.8,3.0,2.0,1.0,33.3,0.0,2.2,0.2,0.0,0.0,0.0,0.0,3.0,9.0,33.3,38.0,9.0,21.1,27.2,5.0,20.0,16.2,11.0,1.0,9.1,4.0,18.3,176.0,293.0,60.1,3660.0,1683.0,68.0,88.0,77.3,65.0,103.0,63.1,38.0,88.0,43.2,2.0,0.8,0.3,6.0,20.0,3.0,2.0,19.0,389.0,511.0,76.1,7628.0,3292.0,134.0,154.0,87.0,213.0,261.0,81.6,40.0,82.0,48.8,0.0,0.6,0.5,8.0,32.0,6.0,2.0,34.0,14.0,9.0,1.0,3.0,0.0,0.0,1.0,4.0,3.0,0.0,1.0,0.0,0.0,0.0,24.0,18.0,1.0,0.0,5.0,0.0,0.0,2.0,0.0,0.0,0.0,2.0,0.0,0.0,18.0,12.0,6.0,9.0,3.0,6.0,10.0,60.0,4.0,10.0,4.0,6.0,7.0,25.0,21.0,1.0,14.0,13.0,7.0,4.0,3.0,5.0,11.0,45.5,6.0,8.0,1.0,7.0,6.0,20.0,18.0,0.0,36.0,396.0,50.0,154.0,147.0,104.0,14.0,396.0,11.0,6.0,54.5,5.0,45.5,163.0,984.0,387.0,11.0,6.0,5.0,19.0,9.0,173.0,18.0,64.0,605.0,64.0,237.0,260.0,117.0,17.0,605.0,10.0,4.0,40.0,6.0,60.0,401.0,2006.0,964.0,14.0,8.0,2.0,19.0,12.0,382.0,34.0,1.0,0.0,0.0,6.0,8.0,0.0,14.0,7.0,12.0,0.0,0.0,1.0,49.0,4.0,4.0,50.0,1.0,0.0,0.0,8.0,5.0,0.0,15.0,6.0,13.0,0.0,0.0,0.0,44.0,4.0,4.0,50.0,2024-2025
Canberra Utd,2024-12-21,16:00(06:00),Regular season,Sat,Home,L,0.0,2.0,Melb Victory,0.3,1.1,48.0,1212.0,Michelle Heyman,3-4-3,3-4-3,Rebecca Durcau,0.0,5.0,0.0,0.0,0.0,,19.6,0.0,0.0,0.0,0.3,0.3,0.05,-0.3,-0.3,2.0,13.0,7.0,53.8,0.15,0.29,20.4,0.0,0.0,0.0,1.1,1.1,0.09,0.9,0.9,7.0,2.0,5.0,71.4,0.0,1.5,-0.5,0.0,0.0,0.0,0.0,7.0,12.0,58.3,32.0,5.0,25.0,30.0,11.0,36.4,28.7,16.0,0.0,0.0,0.0,6.0,0.0,0.0,0.0,,1.0,0.0,0.0,0.0,0.0,0.0,0.0,2.0,11.0,18.2,27.0,7.0,33.3,33.7,9.0,22.2,26.1,20.0,2.0,10.0,0.0,8.0,270.0,403.0,67.0,5664.0,2587.0,93.0,122.0,76.2,116.0,156.0,74.4,54.0,109.0,49.5,0.0,0.1,0.4,2.0,22.0,3.0,1.0,20.0,320.0,437.0,73.2,5716.0,2664.0,143.0,173.0,82.7,136.0,166.0,81.9,32.0,83.0,38.6,2.0,1.1,0.9,12.0,26.0,7.0,4.0,24.0,9.0,6.0,2.0,0.0,1.0,0.0,0.0,0.0,0.0,0.0,0.0,0.0,0.0,0.0,21.0,15.0,3.0,1.0,1.0,0.0,1.0,4.0,0.0,2.0,1.0,1.0,0.0,0.0,17.0,16.0,9.0,7.0,1.0,4.0,13.0,30.8,9.0,3.0,1.0,2.0,9.0,26.0,22.0,1.0,21.0,15.0,9.0,9.0,3.0,3.0,5.0,60.0,2.0,7.0,3.0,4.0,9.0,30.0,34.0,0.0,48.0,495.0,57.0,207.0,189.0,102.0,13.0,495.0,5.0,2.0,40.0,3.0,60.0,200.0,1425.0,702.0,12.0,8.0,2.0,19.0,18.0,263.0,19.0,52.0,560.0,73.0,218.0,222.0,126.0,17.0,560.0,13.0,9.0,69.2,4.0,30.8,253.0,1479.0,838.0,17.0,8.0,4.0,20.0,13.0,315.0,23.0,0.0,0.0,0.0,1.0,4.0,1.0,24.0,9.0,16.0,0.0,0.0,0.0,48.0,5.0,3.0,62.5,1.0,0.0,0.0,4.0,1.0,0.0,19.0,9.0,15.0,0.0,0.0,0.0,56.0,3.0,5.0,37.5,2024-2025
Canberra Utd,2024-12-29,16:00(06:00),Regular season,Sun,Home,D,0.0,0.0,Newcastle Jets,0.7,0.3,47.0,1188.0,Michelle Heyman,3-4-3,3-5-2,Molly Godsell,0.0,15.0,6.0,40.0,0.0,0.0,19.5,0.0,0.0,0.0,0.7,0.7,0.05,-0.7,-0.7,0.0,7.0,2.0,28.6,0.0,0.0,21.0,1.0,0.0,0.0,0.3,0.3,0.04,-0.3,-0.3,2.0,0.0,2.0,100.0,1.0,0.0,0.0,0.0,0.0,0.0,0.0,2.0,12.0,16.7,44.0,3.0,15.9,29.5,12.0,41.7,30.1,19.0,1.0,5.3,0.0,9.7,6.0,0.0,6.0,100.0,1.0,1.0,1.0,0.0,0.0,0.0,0.0,1.0,5.0,20.0,40.0,13.0,10.0,24.2,7.0,14.3,28.3,17.0,1.0,5.9,3.0,18.8,285.0,403.0,70.7,5963.0,2448.0,91.0,113.0,80.5,149.0,176.0,84.7,44.0,106.0,41.5,0.0,0.6,0.8,10.0,27.0,4.0,2.0,35.0,344.0,456.0,75.4,6598.0,3379.0,112.0,140.0,80.0,205.0,240.0,85.4,25.0,64.0,39.1,0.0,0.2,0.8,5.0,33.0,5.0,2.0,41.0,22.0,13.0,4.0,1.0,3.0,1.0,0.0,0.0,0.0,0.0,0.0,0.0,0.0,0.0,12.0,9.0,1.0,0.0,0.0,1.0,1.0,0.0,0.0,0.0,0.0,0.0,0.0,0.0,29.0,16.0,9.0,14.0,6.0,16.0,29.0,55.2,13.0,9.0,2.0,7.0,12.0,41.0,21.0,0.0,25.0,15.0,9.0,13.0,3.0,14.0,24.0,58.3,10.0,10.0,4.0,6.0,6.0,31.0,28.0,1.0,47.0,532.0,84.0,212.0,225.0,103.0,18.0,532.0,24.0,10.0,41.7,14.0,58.3,207.0,1376.0,672.0,12.0,3.0,4.0,17.0,11.0,281.0,33.0,53.0,589.0,83.0,242.0,231.0,124.0,8.0,589.0,29.0,13.0,44.8,16.0,55.2,341.0,1934.0,847.0,23.0,10.0,2.0,18.0,13.0,338.0,40.0,1.0,0.0,0.0,10.0,12.0,2.0,19.0,12.0,16.0,0.0,0.0,0.0,52.0,6.0,5.0,54.5,1.0,0.0,0.0,12.0,10.0,1.0,21.0,6.0,15.0,0.0,0.0,0.0,52.0,5.0,6.0,45.5,2024-2025
Canberra Utd,2025-01-04,17:00(07:00),Regular season,Sat,Away,W,2.0,1.0,Brisbane Roar,1.4,1.4,39.0,3612.0,Michelle Heyman,4-3-3,3-3-3-1,Rebecca Durcau,2.0,6.0,3.0,50.0,0.33,0.67,20.1,0.0,0.0,0.0,1.4,1.4,0.23,0.6,0.6,1.0,13.0,6.0,46.2,0.08,0.17,22.2,2.0,0.0,0.0,1.4,1.4,0.11,-0.4,-0.4,6.0,1.0,5.0,83.3,0.0,1.2,0.2,0.0,0.0,0.0,0.0,4.0,16.0,25.0,20.0,3.0,45.0,38.0,11.0,63.6,43.4,16.0,2.0,12.5,1.0,10.6,3.0,2.0,1.0,33.3,0.0,2.1,0.1,0.0,0.0,0.0,0.0,1.0,6.0,16.7,14.0,1.0,28.6,31.0,4.0,50.0,29.5,8.0,1.0,12.5,0.0,12.0,218.0,344.0,63.4,3636.0,1765.0,105.0,131.0,80.2,81.0,126.0,64.3,22.0,66.0,33.3,0.0,0.6,0.3,3.0,17.0,2.0,1.0,20.0,393.0,533.0,73.7,7127.0,3248.0,164.0,193.0,85.0,189.0,243.0,77.8,35.0,81.0,43.2,1.0,1.0,0.8,7.0,48.0,6.0,2.0,51.0,7.0,3.0,2.0,0.0,0.0,1.0,1.0,0.0,0.0,0.0,0.0,0.0,0.0,0.0,25.0,18.0,2.0,1.0,0.0,3.0,1.0,2.0,1.0,0.0,0.0,0.0,0.0,1.0,32.0,19.0,11.0,17.0,4.0,8.0,16.0,50.0,8.0,8.0,1.0,7.0,9.0,41.0,39.0,1.0,40.0,29.0,20.0,18.0,2.0,7.0,13.0,53.8,6.0,3.0,0.0,3.0,16.0,56.0,15.0,1.0,39.0,472.0,56.0,182.0,215.0,82.0,6.0,472.0,13.0,6.0,46.2,7.0,53.8,225.0,1126.0,419.0,5.0,8.0,2.0,12.0,33.0,214.0,20.0,61.0,665.0,28.0,197.0,302.0,175.0,14.0,665.0,16.0,8.0,50.0,8.0,50.0,421.0,2023.0,789.0,18.0,10.0,4.0,20.0,24.0,391.0,51.0,2.0,0.0,0.0,9.0,6.0,1.0,8.0,9.0,19.0,0.0,0.0,0.0,60.0,4.0,8.0,33.3,2.0,0.0,0.0,6.0,9.0,2.0,18.0,16.0,29.0,0.0,0.0,0.0,69.0,8.0,4.0,66.7,2024-2025
Canberra Utd,2025-01-11,16:00(06:00),Regular season,Sat,Home,W,2.0,1.0,Western United,0.6,1.3,49.0,1766.0,Michelle Heyman,3-4-3,4-3-3,Rebecca Durcau,1.0,11.0,3.0,27.3,0.09,0.33,22.4,0.0,0.0,0.0,0.6,0.6,0.05,0.4,0.4,1.0,17.0,3.0,17.6,0.06,0.33,18.9,0.0,0.0,0.0,1.3,1.3,0.08,-0.3,-0.3,3.0,1.0,2.0,66.7,0.0,0.9,-0.1,0.0,0.0,0.0,0.0,7.0,14.0,50.0,28.0,8.0,35.7,32.8,12.0,41.7,36.1,16.0,2.0,12.5,1.0,17.7,3.0,2.0,2.0,33.3,0.0,0.3,-0.7,0.0,0.0,0.0,0.0,2.0,2.0,100.0,17.0,4.0,5.9,21.0,7.0,14.3,24.4,8.0,0.0,0.0,1.0,16.3,304.0,428.0,71.0,6637.0,3046.0,87.0,114.0,76.3,170.0,204.0,83.3,46.0,95.0,48.4,1.0,0.5,0.6,9.0,34.0,9.0,2.0,37.0,311.0,448.0,69.4,5877.0,2816.0,126.0,159.0,79.2,140.0,181.0,77.3,42.0,87.0,48.3,1.0,1.0,1.4,12.0,30.0,4.0,1.0,28.0,18.0,14.0,1.0,0.0,0.0,0.0,3.0,2.0,2.0,0.0,0.0,0.0,0.0,0.0,30.0,25.0,3.0,1.0,1.0,0.0,0.0,1.0,1.0,0.0,0.0,0.0,0.0,0.0,27.0,20.0,10.0,11.0,6.0,11.0,23.0,47.8,12.0,15.0,6.0,9.0,14.0,41.0,28.0,0.0,17.0,15.0,7.0,8.0,2.0,4.0,11.0,36.4,7.0,16.0,4.0,12.0,10.0,27.0,26.0,0.0,49.0,570.0,60.0,190.0,237.0,148.0,24.0,570.0,11.0,7.0,63.6,4.0,36.4,301.0,1650.0,828.0,13.0,10.0,6.0,23.0,13.0,298.0,36.0,51.0,574.0,57.0,211.0,225.0,142.0,22.0,574.0,23.0,12.0,52.2,11.0,47.8,248.0,1344.0,622.0,8.0,7.0,2.0,20.0,16.0,307.0,27.0,1.0,0.0,0.0,7.0,6.0,1.0,14.0,14.0,20.0,0.0,0.0,0.0,49.0,9.0,10.0,47.4,0.0,0.0,0.0,7.0,7.0,0.0,19.0,10.0,15.0,0.0,0.0,1.0,61.0,10.0,9.0,52.6,2024-2025
Canberra Utd,2025-01-15,19:00(08:00),Regular season,Wed,Away,L,0.0,2.0,Sydney FC,0.5,2.0,51.0,1468.0,Michelle Heyman,3-4-3,4-3-3,Kelly Jones,0.0,7.0,3.0,42.9,0.0,0.0,25.3,1.0,0.0,0.0,0.5,0.5,0.07,-0.5,-0.5,2.0,15.0,7.0,46.7,0.13,0.29,17.0,0.0,0.0,0.0,2.0,2.0,0.13,0.0,0.0,7.0,2.0,5.0,71.4,0.0,2.5,0.5,0.0,0.0,0.0,0.0,2.0,8.0,25.0,15.0,3.0,26.7,34.8,5.0,80.0,42.8,4.0,0.0,0.0,0.0,13.0,3.0,0.0,3.0,100.0,1.0,0.2,0.2,0.0,0.0,0.0,0.0,1.0,3.0,33.3,8.0,5.0,0.0,22.8,4.0,75.0,48.0,6.0,0.0,0.0,0.0,1.0,202.0,278.0,72.7,3226.0,1409.0,106.0,127.0,83.5,70.0,91.0,76.9,17.0,39.0,43.6,0.0,0.4,0.5,5.0,9.0,3.0,1.0,15.0,180.0,272.0,66.2,2665.0,1278.0,98.0,123.0,79.7,61.0,83.0,73.5,9.0,31.0,29.0,2.0,2.0,1.0,15.0,16.0,7.0,0.0,25.0,11.0,7.0,1.0,0.0,0.0,1.0,2.0,0.0,0.0,0.0,0.0,0.0,0.0,0.0,29.0,21.0,3.0,4.0,0.0,1.0,0.0,4.0,3.0,0.0,1.0,0.0,0.0,0.0,19.0,12.0,11.0,8.0,0.0,7.0,19.0,36.8,12.0,13.0,1.0,12.0,11.0,30.0,36.0,0.0,19.0,13.0,5.0,10.0,4.0,9.0,16.0,56.3,7.0,9.0,0.0,9.0,10.0,29.0,8.0,0.0,51.0,391.0,51.0,161.0,175.0,62.0,9.0,391.0,16.0,7.0,43.8,9.0,56.3,176.0,782.0,336.0,5.0,6.0,1.0,15.0,10.0,202.0,15.0,49.0,359.0,27.0,79.0,147.0,138.0,23.0,359.0,19.0,12.0,63.2,7.0,36.8,194.0,961.0,474.0,9.0,7.0,7.0,19.0,12.0,178.0,25.0,0.0,0.0,0.0,1.0,4.0,1.0,6.0,11.0,12.0,0.0,0.0,0.0,38.0,5.0,8.0,38.5,0.0,0.0,0.0,5.0,1.0,2.0,7.0,10.0,13.0,0.0,0.0,0.0,43.0,8.0,5.0,61.5,2024-2025
Canberra Utd,2025-01-18,16:00(06:00),Regular season,Sat,Home,W,1.0,0.0,W Sydney,0.9,0.6,54.0,1468.0,Liz Anton,4-5-1,3-4-3,Mikayla Ryan,0.0,11.0,3.0,27.3,0.0,0.0,18.6,1.0,0.0,0.0,0.9,0.9,0.08,-0.9,-0.9,0.0,12.0,5.0,41.7,0.0,0.0,27.4,0.0,0.0,0.0,0.6,0.6,0.05,-0.6,-0.6,5.0,0.0,5.0,100.0,1.0,0.7,0.7,0.0,0.0,0.0,0.0,8.0,17.0,47.1,33.0,6.0,33.3,31.4,14.0,50.0,33.3,9.0,0.0,0.0,4.0,21.4,3.0,1.0,3.0,66.7,0.0,0.5,0.5,0.0,0.0,0.0,0.0,4.0,7.0,57.1,23.0,3.0,21.7,28.8,7.0,28.6,25.1,10.0,0.0,0.0,0.0,,399.0,547.0,72.9,7906.0,3360.0,128.0,167.0,76.6,212.0,256.0,82.8,53.0,103.0,51.5,0.0,0.6,1.3,8.0,29.0,7.0,2.0,38.0,326.0,457.0,71.3,5548.0,2466.0,156.0,197.0,79.2,134.0,166.0,80.7,28.0,71.0,39.4,0.0,0.4,0.1,7.0,25.0,4.0,2.0,23.0,18.0,12.0,1.0,1.0,3.0,1.0,0.0,0.0,0.0,0.0,0.0,0.0,0.0,0.0,17.0,10.0,3.0,1.0,1.0,0.0,2.0,0.0,0.0,0.0,0.0,0.0,0.0,0.0,29.0,22.0,12.0,14.0,3.0,7.0,19.0,36.8,12.0,15.0,1.0,14.0,15.0,44.0,22.0,1.0,31.0,24.0,15.0,9.0,7.0,9.0,19.0,47.4,10.0,15.0,0.0,15.0,17.0,48.0,17.0,0.0,54.0,660.0,74.0,287.0,249.0,128.0,15.0,660.0,19.0,10.0,52.6,9.0,47.4,323.0,1520.0,754.0,10.0,5.0,3.0,8.0,22.0,392.0,37.0,46.0,586.0,49.0,212.0,286.0,98.0,9.0,586.0,19.0,12.0,63.2,7.0,36.8,318.0,1576.0,741.0,14.0,10.0,3.0,23.0,22.0,325.0,23.0,0.0,0.0,0.0,9.0,6.0,3.0,10.0,15.0,22.0,0.0,0.0,0.0,56.0,10.0,1.0,90.9,1.0,0.0,0.0,7.0,9.0,2.0,11.0,17.0,24.0,0.0,0.0,1.0,64.0,1.0,10.0,9.1,2024-2025
Canberra Utd,2025-01-25,19:45(08:45),Regular season,Sat,Away,D,2.0,2.0,Newcastle Jets,1.1,1.9,46.0,3264.0,Michelle Heyman,4-4-2,4-4-2,Caitlin Williams,2.0,15.0,5.0,33.3,0.13,0.4,17.3,1.0,0.0,0.0,1.1,1.1,0.08,0.9,0.9,2.0,21.0,3.0,14.3,0.1,0.67,16.0,2.0,0.0,0.0,1.9,1.9,0.09,0.1,0.1,3.0,2.0,1.0,33.3,0.0,0.8,-1.2,0.0,0.0,0.0,0.0,4.0,14.0,28.6,18.0,2.0,61.1,45.2,17.0,17.6,27.1,24.0,1.0,4.2,0.0,8.0,5.0,2.0,3.0,60.0,0.0,1.5,-0.5,0.0,0.0,0.0,0.0,1.0,7.0,14.3,20.0,5.0,25.0,31.9,10.0,30.0,23.9,7.0,0.0,0.0,3.0,18.3,232.0,381.0,60.9,4716.0,2498.0,81.0,122.0,66.4,104.0,154.0,67.5,41.0,90.0,45.6,1.0,0.9,0.9,10.0,24.0,7.0,1.0,33.0,304.0,452.0,67.3,5457.0,2755.0,126.0,166.0,75.9,126.0,176.0,71.6,38.0,75.0,50.7,1.0,1.7,1.3,15.0,27.0,13.0,6.0,38.0,22.0,17.0,1.0,1.0,2.0,1.0,0.0,4.0,4.0,0.0,0.0,0.0,0.0,0.0,38.0,26.0,6.0,2.0,1.0,3.0,0.0,2.0,1.0,0.0,1.0,0.0,0.0,0.0,24.0,20.0,10.0,7.0,7.0,7.0,23.0,30.4,16.0,13.0,5.0,8.0,23.0,47.0,25.0,1.0,16.0,15.0,9.0,6.0,1.0,5.0,8.0,62.5,3.0,15.0,3.0,12.0,12.0,28.0,37.0,0.0,46.0,522.0,69.0,188.0,197.0,141.0,19.0,522.0,8.0,3.0,37.5,5.0,62.5,181.0,1099.0,385.0,8.0,10.0,5.0,20.0,11.0,229.0,31.0,54.0,595.0,59.0,214.0,244.0,150.0,26.0,595.0,23.0,16.0,69.6,7.0,30.4,225.0,1395.0,699.0,16.0,15.0,6.0,18.0,17.0,303.0,37.0,3.0,0.0,0.0,15.0,10.0,1.0,9.0,23.0,20.0,0.0,0.0,0.0,47.0,8.0,8.0,50.0,2.0,1.0,1.0,10.0,15.0,1.0,26.0,12.0,15.0,0.0,0.0,0.0,55.0,8.0,8.0,50.0,2024-2025
Canberra Utd,2025-02-01,16:00(06:00),Regular season,Sat,Home,W,1.0,0.0,Perth Glory,0.5,0.8,44.0,1807.0,Liz Anton,4-3-3,4-3-3,Georgia Ghirardello,1.0,3.0,1.0,33.3,0.33,1.0,10.4,0.0,0.0,0.0,0.5,0.5,0.18,0.5,0.5,0.0,16.0,5.0,31.3,0.0,0.0,22.5,1.0,0.0,0.0,0.8,0.8,0.05,-0.8,-0.8,5.0,0.0,5.0,100.0,1.0,0.3,0.3,0.0,0.0,0.0,0.0,11.0,34.0,32.4,33.0,1.0,75.8,56.0,12.0,75.0,44.4,18.0,1.0,5.6,0.0,9.5,1.0,1.0,0.0,0.0,0.0,0.9,-0.1,0.0,0.0,0.0,0.0,2.0,9.0,22.2,16.0,3.0,37.5,40.3,10.0,30.0,30.9,11.0,1.0,9.1,2.0,27.8,210.0,349.0,60.2,4528.0,2086.0,68.0,91.0,74.7,92.0,138.0,66.7,46.0,109.0,42.2,1.0,0.2,0.2,2.0,15.0,4.0,1.0,20.0,275.0,443.0,62.1,5048.0,2329.0,120.0,152.0,78.9,111.0,171.0,64.9,35.0,99.0,35.4,0.0,0.5,0.5,9.0,28.0,3.0,1.0,34.0,5.0,4.0,0.0,0.0,1.0,0.0,0.0,1.0,0.0,0.0,0.0,1.0,0.0,0.0,27.0,17.0,4.0,2.0,1.0,3.0,0.0,0.0,0.0,0.0,0.0,0.0,0.0,0.0,18.0,15.0,9.0,7.0,2.0,7.0,12.0,58.3,5.0,13.0,5.0,8.0,11.0,29.0,35.0,0.0,30.0,24.0,14.0,7.0,9.0,7.0,9.0,77.8,2.0,10.0,1.0,9.0,5.0,35.0,13.0,0.0,44.0,462.0,80.0,208.0,152.0,104.0,11.0,462.0,9.0,2.0,22.2,7.0,77.8,128.0,659.0,191.0,3.0,4.0,1.0,20.0,23.0,210.0,20.0,56.0,544.0,40.0,153.0,224.0,169.0,20.0,544.0,12.0,5.0,41.7,7.0,58.3,168.0,822.0,438.0,8.0,13.0,1.0,20.0,11.0,274.0,34.0,4.0,0.0,0.0,10.0,12.0,1.0,13.0,11.0,15.0,0.0,0.0,0.0,19.0,10.0,6.0,62.5,1.0,0.0,0.0,13.0,10.0,2.0,19.0,5.0,24.0,0.0,0.0,0.0,50.0,6.0,10.0,37.5,2024-2025
Canberra Utd,2025-02-08,16:00(06:00),Regular season,Sat,Home,D,1.0,1.0,Central Coast Mariners,1.2,0.7,42.0,1376.0,Michelle Heyman,4-2-3-1,4-3-1-2,Caitlin Williams,1.0,11.0,3.0,27.3,0.09,0.33,20.1,0.0,0.0,0.0,1.2,1.2,0.11,-0.2,-0.2,1.0,13.0,3.0,23.1,0.08,0.33,20.4,1.0,0.0,0.0,0.7,0.7,0.06,0.3,0.3,3.0,1.0,2.0,66.7,0.0,0.7,-0.3,0.0,0.0,0.0,0.0,3.0,13.0,23.1,24.0,2.0,45.8,43.9,9.0,22.2,31.8,13.0,1.0,7.7,0.0,10.5,3.0,1.0,2.0,66.7,0.0,1.5,0.5,0.0,0.0,0.0,0.0,4.0,9.0,44.4,34.0,8.0,5.9,23.9,11.0,63.6,48.5,10.0,0.0,0.0,1.0,16.6,263.0,395.0,66.6,5333.0,2378.0,90.0,117.0,76.9,122.0,169.0,72.2,44.0,90.0,48.9,1.0,1.1,0.6,10.0,22.0,9.0,1.0,40.0,414.0,549.0,75.4,8462.0,3521.0,121.0,156.0,77.6,247.0,295.0,83.7,46.0,91.0,50.5,1.0,0.6,0.9,10.0,30.0,6.0,2.0,38.0,18.0,14.0,1.0,0.0,1.0,1.0,1.0,2.0,2.0,0.0,0.0,0.0,0.0,0.0,24.0,18.0,2.0,1.0,0.0,2.0,1.0,1.0,1.0,0.0,0.0,0.0,0.0,0.0,22.0,15.0,9.0,8.0,5.0,11.0,16.0,68.8,5.0,12.0,4.0,8.0,10.0,32.0,26.0,0.0,21.0,16.0,10.0,8.0,3.0,9.0,13.0,69.2,4.0,14.0,2.0,12.0,16.0,37.0,16.0,0.0,42.0,489.0,54.0,199.0,176.0,120.0,22.0,489.0,13.0,4.0,30.8,9.0,69.2,160.0,988.0,494.0,11.0,8.0,4.0,14.0,12.0,258.0,39.0,58.0,650.0,71.0,266.0,274.0,119.0,14.0,650.0,16.0,5.0,31.3,11.0,68.8,274.0,1566.0,857.0,17.0,8.0,3.0,17.0,11.0,412.0,37.0,1.0,0.0,0.0,7.0,3.0,1.0,11.0,10.0,15.0,0.0,0.0,0.0,38.0,1.0,4.0,20.0,0.0,0.0,0.0,3.0,7.0,2.0,17.0,16.0,16.0,0.0,0.0,0.0,66.0,4.0,1.0,80.0,2024-2025
Canberra Utd,2025-02-15,16:20(05:50),Regular season,Sat,Away,D,1.0,1.0,Adelaide Utd,1.5,1.1,34.0,2984.0,Michelle Heyman,4-3-3,3-4-3,Mikayla Ryan,1.0,12.0,7.0,58.3,0.08,0.14,13.6,0.0,0.0,0.0,1.5,1.5,0.15,-0.5,-0.5,1.0,21.0,5.0,23.8,0.05,0.2,23.8,2.0,0.0,0.0,1.1,1.1,0.05,-0.1,-0.1,5.0,1.0,4.0,80.0,0.0,0.4,-0.6,0.0,0.0,0.0,0.0,5.0,13.0,38.5,24.0,1.0,16.7,28.8,14.0,64.3,39.5,24.0,1.0,4.2,0.0,7.9,7.0,1.0,6.0,85.7,0.0,1.9,0.9,0.0,0.0,0.0,0.0,2.0,7.0,28.6,39.0,4.0,17.9,26.5,3.0,0.0,12.0,11.0,0.0,0.0,1.0,8.8,199.0,326.0,61.0,3552.0,1846.0,84.0,115.0,73.0,85.0,124.0,68.5,23.0,63.0,36.5,0.0,0.6,0.5,5.0,13.0,4.0,3.0,18.0,485.0,623.0,77.8,7826.0,3354.0,242.0,288.0,84.0,192.0,229.0,83.8,34.0,71.0,47.9,1.0,0.7,0.8,11.0,41.0,7.0,3.0,41.0,17.0,10.0,2.0,1.0,4.0,0.0,0.0,1.0,0.0,0.0,0.0,1.0,0.0,0.0,33.0,21.0,5.0,2.0,3.0,2.0,0.0,2.0,2.0,0.0,0.0,0.0,0.0,0.0,26.0,22.0,17.0,7.0,2.0,8.0,15.0,53.3,7.0,20.0,7.0,13.0,15.0,41.0,52.0,0.0,13.0,10.0,4.0,6.0,3.0,3.0,8.0,37.5,5.0,10.0,2.0,8.0,6.0,19.0,24.0,0.0,34.0,483.0,76.0,211.0,193.0,83.0,14.0,483.0,8.0,5.0,62.5,3.0,37.5,192.0,893.0,393.0,8.0,5.0,5.0,19.0,10.0,197.0,17.0,66.0,754.0,58.0,228.0,312.0,218.0,20.0,754.0,15.0,7.0,46.7,8.0,53.3,351.0,2064.0,941.0,16.0,12.0,4.0,24.0,18.0,479.0,41.0,0.0,0.0,0.0,9.0,5.0,0.0,15.0,15.0,22.0,0.0,0.0,0.0,45.0,4.0,1.0,80.0,0.0,0.0,0.0,6.0,8.0,0.0,32.0,6.0,10.0,0.0,0.0,0.0,60.0,1.0,4.0,20.0,2024-2025
Canberra Utd,2025-03-01,15:00(05:00),Regular season,Sat,Home,D,1.0,1.0,Melb City,0.5,1.5,38.0,919.0,Liz Anton,4-2-3-1,4-4-2,Rachel Mitchenson,1.0,6.0,2.0,33.3,0.17,0.5,19.7,0.0,0.0,0.0,0.5,0.5,0.09,0.5,0.5,0.0,15.0,6.0,40.0,0.0,0.0,17.8,0.0,0.0,0.0,1.5,1.5,0.1,-1.5,-1.5,6.0,1.0,6.0,83.3,0.0,1.6,1.6,0.0,0.0,0.0,0.0,10.0,16.0,62.5,22.0,4.0,27.3,31.4,16.0,62.5,39.3,11.0,0.0,0.0,0.0,10.8,2.0,1.0,1.0,50.0,0.0,0.3,-0.7,0.0,0.0,0.0,0.0,4.0,7.0,57.1,32.0,1.0,21.9,26.6,6.0,0.0,7.5,9.0,1.0,11.1,4.0,25.4,191.0,324.0,59.0,3423.0,1933.0,81.0,104.0,77.9,65.0,103.0,63.1,30.0,75.0,40.0,0.0,0.1,0.3,3.0,16.0,3.0,0.0,23.0,380.0,519.0,73.2,6782.0,2903.0,158.0,211.0,74.9,194.0,234.0,82.9,26.0,55.0,47.3,1.0,1.1,0.9,11.0,32.0,8.0,0.0,44.0,6.0,4.0,0.0,1.0,0.0,0.0,1.0,1.0,0.0,0.0,1.0,0.0,0.0,0.0,27.0,22.0,0.0,3.0,2.0,0.0,0.0,0.0,0.0,0.0,0.0,0.0,0.0,0.0,31.0,19.0,18.0,10.0,3.0,20.0,36.0,55.6,16.0,13.0,2.0,11.0,11.0,42.0,28.0,0.0,20.0,19.0,11.0,8.0,1.0,14.0,26.0,53.8,12.0,10.0,2.0,8.0,5.0,25.0,26.0,0.0,38.0,463.0,80.0,207.0,151.0,109.0,11.0,463.0,26.0,12.0,46.2,14.0,53.8,154.0,866.0,364.0,9.0,3.0,7.0,21.0,6.0,191.0,23.0,62.0,643.0,55.0,193.0,289.0,167.0,29.0,643.0,36.0,16.0,44.4,20.0,55.6,284.0,1921.0,970.0,17.0,13.0,6.0,14.0,11.0,376.0,44.0,0.0,0.0,0.0,3.0,5.0,3.0,14.0,11.0,19.0,0.0,0.0,1.0,47.0,10.0,12.0,45.5,0.0,0.0,0.0,5.0,3.0,0.0,12.0,5.0,19.0,0.0,0.0,0.0,41.0,12.0,10.0,54.5,2024-2025
Canberra Utd,2025-03-09,17:00(06:00),Regular season,Sun,Away,L,0.0,2.0,Melb Victory,0.2,1.0,45.0,839.0,Liz Anton,3-5-2,4-3-3,Rebecca Mackie,0.0,6.0,4.0,66.7,0.0,0.0,22.7,0.0,0.0,0.0,0.2,0.2,0.04,-0.2,-0.2,2.0,15.0,4.0,26.7,0.13,0.5,17.5,0.0,0.0,0.0,1.0,1.0,0.07,1.0,1.0,4.0,2.0,2.0,50.0,0.0,1.5,-0.5,0.0,0.0,0.0,0.0,7.0,18.0,38.9,23.0,3.0,43.5,38.1,14.0,57.1,41.4,18.0,0.0,0.0,2.0,21.0,4.0,0.0,4.0,100.0,1.0,0.8,0.8,0.0,0.0,0.0,0.0,1.0,9.0,11.1,35.0,7.0,11.4,20.3,5.0,100.0,49.8,10.0,1.0,10.0,1.0,10.5,257.0,398.0,64.6,5182.0,2667.0,97.0,127.0,76.4,112.0,161.0,69.6,44.0,99.0,44.4,0.0,0.2,0.3,4.0,24.0,7.0,0.0,33.0,357.0,496.0,72.0,6008.0,2605.0,183.0,225.0,81.3,144.0,186.0,77.4,25.0,61.0,41.0,2.0,0.9,1.1,12.0,33.0,8.0,2.0,38.0,10.0,7.0,3.0,0.0,0.0,0.0,0.0,0.0,0.0,0.0,0.0,0.0,0.0,0.0,27.0,17.0,4.0,3.0,1.0,1.0,1.0,4.0,3.0,1.0,0.0,0.0,0.0,0.0,22.0,16.0,15.0,3.0,4.0,7.0,15.0,46.7,8.0,13.0,4.0,9.0,13.0,35.0,25.0,0.0,20.0,16.0,8.0,10.0,2.0,8.0,12.0,66.7,4.0,4.0,0.0,4.0,13.0,33.0,18.0,0.0,45.0,522.0,69.0,245.0,181.0,102.0,11.0,522.0,12.0,4.0,33.3,8.0,66.7,174.0,923.0,392.0,2.0,3.0,1.0,23.0,12.0,254.0,32.0,55.0,618.0,52.0,211.0,209.0,207.0,29.0,618.0,15.0,8.0,53.3,7.0,46.7,349.0,2096.0,1166.0,26.0,20.0,4.0,22.0,15.0,351.0,38.0,0.0,0.0,0.0,4.0,11.0,0.0,11.0,13.0,16.0,0.0,0.0,0.0,51.0,7.0,5.0,58.3,0.0,0.0,0.0,11.0,4.0,2.0,21.0,13.0,16.0,0.0,0.0,0.0,58.0,5.0,7.0,41.7,2024-2025
Canberra Utd,2025-03-14,19:00(08:00),Regular season,Fri,Away,L,3.0,4.0,Western United,1.7,3.0,44.0,503.0,Michelle Heyman,3-5-2,4-4-2,Caitlin Williams,3.0,9.0,4.0,44.4,0.33,0.75,19.7,0.0,0.0,0.0,1.7,1.7,0.18,1.3,1.3,3.0,24.0,5.0,20.8,0.13,0.6,17.1,1.0,0.0,0.0,3.0,3.0,0.13,0.0,0.0,5.0,4.0,2.0,20.0,0.0,1.9,-1.1,0.0,0.0,0.0,0.0,6.0,15.0,40.0,21.0,2.0,52.4,41.1,14.0,28.6,33.1,21.0,0.0,0.0,0.0,8.1,4.0,3.0,1.0,25.0,0.0,1.8,-1.2,0.0,0.0,0.0,0.0,2.0,10.0,20.0,22.0,2.0,27.3,33.5,8.0,50.0,35.8,5.0,1.0,20.0,4.0,19.0,210.0,331.0,63.4,4158.0,2138.0,74.0,99.0,74.7,107.0,149.0,71.8,26.0,65.0,40.0,2.0,1.5,0.9,7.0,14.0,6.0,1.0,22.0,303.0,416.0,72.8,5255.0,2486.0,143.0,170.0,84.1,124.0,151.0,82.1,29.0,66.0,43.9,1.0,1.3,1.0,15.0,34.0,4.0,2.0,36.0,14.0,10.0,2.0,2.0,0.0,0.0,0.0,5.0,4.0,1.0,0.0,0.0,0.0,0.0,38.0,25.0,4.0,2.0,5.0,2.0,0.0,3.0,2.0,0.0,0.0,1.0,0.0,0.0,31.0,24.0,19.0,8.0,4.0,13.0,26.0,50.0,13.0,21.0,11.0,10.0,7.0,38.0,33.0,0.0,14.0,12.0,6.0,4.0,4.0,4.0,9.0,44.4,5.0,7.0,1.0,6.0,6.0,20.0,23.0,0.0,44.0,461.0,73.0,211.0,160.0,94.0,14.0,461.0,9.0,5.0,55.6,4.0,44.4,205.0,954.0,499.0,9.0,5.0,1.0,17.0,10.0,206.0,20.0,56.0,542.0,40.0,140.0,230.0,182.0,26.0,542.0,26.0,13.0,50.0,13.0,50.0,251.0,1962.0,1004.0,28.0,22.0,5.0,24.0,18.0,301.0,35.0,3.0,0.0,0.0,6.0,8.0,4.0,8.0,7.0,24.0,0.0,0.0,1.0,50.0,7.0,6.0,53.8,1.0,0.0,0.0,8.0,6.0,0.0,26.0,6.0,12.0,0.0,0.0,0.0,62.0,6.0,7.0,46.2,2024-2025
Canberra Utd,2025-03-22,15:00(05:00),Regular season,Sat,Home,L,0.0,1.0,Sydney FC,0.7,0.8,55.0,2194.0,Michelle Heyman,4-5-1,4-1-4-1,Rachel Mitchenson,0.0,9.0,0.0,0.0,0.0,,15.8,0.0,0.0,0.0,0.7,0.7,0.08,-0.7,-0.7,1.0,14.0,3.0,21.4,0.07,0.33,17.9,0.0,0.0,0.0,0.8,0.8,0.06,0.2,0.2,3.0,1.0,2.0,66.7,0.0,0.9,-0.1,0.0,0.0,0.0,0.0,6.0,13.0,46.2,31.0,1.0,35.5,35.3,7.0,28.6,44.3,14.0,1.0,7.1,1.0,12.5,0.0,0.0,0.0,,1.0,0.0,0.0,0.0,0.0,0.0,0.0,4.0,12.0,33.3,15.0,6.0,40.0,33.7,13.0,46.2,37.8,9.0,2.0,22.2,0.0,8.7,316.0,471.0,67.1,6805.0,2963.0,99.0,157.0,63.1,151.0,190.0,79.5,65.0,112.0,58.0,0.0,0.7,0.8,8.0,34.0,7.0,0.0,35.0,230.0,387.0,59.4,4061.0,2305.0,99.0,139.0,71.2,95.0,145.0,65.5,26.0,67.0,38.8,1.0,0.7,0.6,12.0,22.0,2.0,1.0,29.0,18.0,16.0,2.0,0.0,0.0,0.0,0.0,0.0,0.0,0.0,0.0,0.0,0.0,0.0,19.0,13.0,3.0,1.0,2.0,0.0,0.0,1.0,1.0,0.0,0.0,0.0,0.0,0.0,25.0,20.0,13.0,9.0,3.0,12.0,19.0,63.2,7.0,25.0,8.0,17.0,9.0,34.0,49.0,1.0,19.0,11.0,7.0,8.0,4.0,7.0,22.0,31.8,15.0,21.0,7.0,14.0,10.0,29.0,33.0,0.0,55.0,643.0,58.0,234.0,243.0,169.0,22.0,643.0,22.0,15.0,68.2,7.0,31.8,195.0,1174.0,592.0,6.0,7.0,1.0,27.0,12.0,312.0,34.0,45.0,551.0,56.0,178.0,237.0,142.0,21.0,551.0,19.0,7.0,36.8,12.0,63.2,186.0,1075.0,504.0,7.0,8.0,6.0,19.0,13.0,227.0,29.0,0.0,0.0,0.0,6.0,7.0,0.0,13.0,9.0,20.0,0.0,0.0,0.0,46.0,19.0,9.0,67.9,1.0,0.0,0.0,7.0,6.0,2.0,16.0,10.0,11.0,0.0,0.0,0.0,48.0,11.0,18.0,37.9,2024-2025
Canberra Utd,2025-03-29,20:00(09:00),Regular season,Sat,Away,W,2.0,1.0,Perth Glory,1.6,0.5,45.0,896.0,Michelle Heyman,3-5-2,4-3-3,Molly Godsell,2.0,2.0,1.0,50.0,0.5,1.0,42.5,0.0,1.0,2.0,1.6,0.1,0.07,0.4,0.9,1.0,10.0,6.0,60.0,0.1,0.17,19.1,0.0,0.0,0.0,0.5,0.5,0.05,0.5,0.5,6.0,1.0,5.0,83.3,0.0,0.5,-0.5,0.0,0.0,0.0,0.0,9.0,21.0,42.9,24.0,0.0,62.5,44.7,9.0,66.7,42.2,14.0,0.0,0.0,0.0,6.0,2.0,2.0,0.0,50.0,0.0,1.1,-0.9,2.0,1.0,0.0,1.0,0.0,5.0,0.0,12.0,3.0,25.0,32.3,6.0,33.3,30.2,3.0,0.0,0.0,2.0,29.5,232.0,355.0,65.4,4728.0,2423.0,93.0,116.0,80.2,97.0,142.0,68.3,40.0,81.0,49.4,1.0,0.1,0.2,2.0,22.0,3.0,0.0,21.0,297.0,431.0,68.9,5727.0,2574.0,116.0,154.0,75.3,142.0,182.0,78.0,35.0,85.0,41.2,1.0,0.5,0.5,9.0,48.0,7.0,2.0,40.0,7.0,5.0,0.0,0.0,0.0,2.0,0.0,4.0,3.0,0.0,0.0,0.0,1.0,0.0,18.0,14.0,2.0,1.0,0.0,1.0,0.0,2.0,1.0,1.0,0.0,0.0,0.0,0.0,40.0,27.0,23.0,12.0,5.0,17.0,28.0,60.7,11.0,11.0,2.0,9.0,12.0,52.0,52.0,0.0,35.0,26.0,15.0,15.0,5.0,8.0,12.0,66.7,4.0,8.0,0.0,8.0,12.0,47.0,15.0,0.0,45.0,523.0,73.0,247.0,178.0,100.0,5.0,521.0,12.0,4.0,33.3,8.0,66.7,204.0,1019.0,359.0,7.0,3.0,2.0,22.0,27.0,227.0,21.0,55.0,562.0,28.0,136.0,233.0,201.0,20.0,562.0,28.0,11.0,39.3,17.0,60.7,198.0,1341.0,628.0,18.0,9.0,2.0,26.0,23.0,296.0,40.0,0.0,0.0,0.0,8.0,12.0,1.0,5.0,12.0,27.0,2.0,0.0,0.0,42.0,9.0,5.0,64.3,3.0,0.0,0.0,12.0,8.0,0.0,15.0,12.0,26.0,0.0,2.0,0.0,45.0,5.0,9.0,35.7,2024-2025
Canberra Utd,2025-04-13,15:00(06:00),Regular season,Sun,Home,W,1.0,0.0,Wellington Phoenix,0.7,1.6,38.0,1873.0,Michelle Heyman,4-4-2,4-4-2,Rachel Mitchenson,1.0,11.0,6.0,54.5,0.09,0.17,16.0,0.0,0.0,0.0,0.7,0.7,0.07,0.3,0.3,0.0,18.0,6.0,33.3,0.0,0.0,20.6,1.0,0.0,0.0,1.6,1.6,0.09,-1.6,-1.6,6.0,0.0,6.0,100.0,1.0,1.8,1.8,0.0,0.0,0.0,0.0,6.0,23.0,26.1,29.0,3.0,51.7,42.8,14.0,57.1,38.6,26.0,0.0,0.0,0.0,13.0,6.0,1.0,5.0,83.3,0.0,1.5,0.5,0.0,0.0,0.0,0.0,5.0,12.0,41.7,29.0,2.0,27.6,27.9,9.0,44.4,32.2,11.0,1.0,9.1,0.0,4.7,198.0,331.0,59.8,4132.0,2200.0,72.0,98.0,73.5,85.0,131.0,64.9,37.0,95.0,38.9,0.0,0.5,0.2,7.0,16.0,0.0,0.0,13.0,411.0,533.0,77.1,7460.0,3234.0,168.0,201.0,83.6,196.0,237.0,82.7,40.0,77.0,51.9,0.0,1.2,1.3,12.0,51.0,7.0,4.0,67.0,16.0,9.0,3.0,0.0,3.0,1.0,0.0,1.0,0.0,0.0,0.0,1.0,0.0,0.0,30.0,20.0,4.0,0.0,1.0,4.0,1.0,0.0,0.0,0.0,0.0,0.0,0.0,0.0,21.0,18.0,13.0,8.0,0.0,14.0,19.0,73.7,5.0,14.0,5.0,9.0,7.0,28.0,28.0,0.0,17.0,12.0,5.0,8.0,4.0,8.0,13.0,61.5,5.0,10.0,3.0,7.0,13.0,30.0,18.0,1.0,38.0,439.0,79.0,210.0,142.0,91.0,14.0,439.0,13.0,5.0,38.5,8.0,61.5,142.0,672.0,347.0,8.0,6.0,4.0,11.0,9.0,194.0,13.0,62.0,652.0,44.0,156.0,287.0,216.0,24.0,652.0,19.0,5.0,26.3,14.0,73.7,239.0,1768.0,969.0,13.0,7.0,3.0,25.0,7.0,404.0,65.0,2.0,0.0,0.0,11.0,6.0,0.0,13.0,7.0,18.0,0.0,0.0,0.0,39.0,7.0,14.0,33.3,1.0,0.0,0.0,7.0,11.0,2.0,30.0,13.0,12.0,0.0,0.0,0.0,47.0,14.0,7.0,66.7,2024-2025
Canberra Utd,2025-04-19,16:50(07:50),Regular season,Sat,Away,W,3.0,1.0,W Sydney,2.0,1.4,39.0,2958.0,Michelle Heyman,4-4-2,4-4-2,Kelly Jones,3.0,16.0,8.0,50.0,0.19,0.38,16.3,1.0,0.0,0.0,2.0,2.0,0.13,1.0,1.0,1.0,22.0,6.0,27.3,0.05,0.17,19.6,1.0,0.0,0.0,1.4,1.4,0.07,-0.4,-0.4,6.0,1.0,5.0,83.3,0.0,1.5,0.7,0.0,0.0,0.0,0.0,6.0,23.0,26.1,33.0,5.0,42.4,37.2,14.0,64.3,42.6,20.0,0.0,0.0,4.0,26.0,8.0,3.0,5.0,62.5,0.0,2.3,-0.7,0.0,0.0,0.0,0.0,3.0,5.0,60.0,13.0,3.0,15.4,31.3,9.0,33.3,28.9,10.0,1.0,10.0,2.0,23.7,214.0,326.0,65.6,4485.0,2347.0,68.0,98.0,69.4,110.0,141.0,78.0,34.0,77.0,44.2,2.0,1.7,1.0,10.0,22.0,6.0,0.0,27.0,369.0,502.0,73.5,5829.0,2491.0,192.0,230.0,83.5,136.0,181.0,75.1,24.0,56.0,42.9,1.0,1.3,0.9,14.0,38.0,13.0,3.0,46.0,22.0,16.0,2.0,0.0,3.0,1.0,0.0,6.0,3.0,1.0,0.0,1.0,1.0,0.0,36.0,25.0,3.0,0.0,6.0,1.0,1.0,2.0,2.0,0.0,0.0,0.0,0.0,0.0,16.0,11.0,13.0,3.0,0.0,9.0,17.0,52.9,8.0,13.0,9.0,4.0,17.0,33.0,35.0,0.0,24.0,20.0,13.0,6.0,5.0,4.0,5.0,80.0,1.0,7.0,3.0,4.0,6.0,30.0,19.0,0.0,39.0,463.0,89.0,209.0,150.0,111.0,21.0,463.0,5.0,1.0,20.0,4.0,80.0,185.0,1126.0,512.0,12.0,6.0,7.0,22.0,20.0,211.0,27.0,61.0,615.0,56.0,156.0,288.0,172.0,24.0,615.0,17.0,8.0,47.1,9.0,52.9,315.0,1848.0,930.0,16.0,12.0,2.0,15.0,7.0,360.0,45.0,0.0,0.0,0.0,8.0,8.0,1.0,13.0,17.0,11.0,0.0,0.0,0.0,51.0,7.0,6.0,53.8,0.0,0.0,0.0,8.0,8.0,4.0,21.0,6.0,20.0,0.0,0.0,0.0,49.0,6.0,7.0,46.2,2024-2025
Canberra Utd,2025-04-28,18:00(09:00),Elimination finals,Mon,Away,L,1.0,2.0,Central Coast Mariners,0.7,0.7,40.0,1502.0,Michelle Heyman,4-4-2,4-3-3,Ian Cooper,1.0,9.0,7.0,77.8,0.11,0.14,19.7,1.0,0.0,0.0,0.7,0.7,0.08,0.3,0.3,2.0,10.0,5.0,50.0,0.2,0.4,20.3,0.0,0.0,0.0,0.7,0.7,0.07,1.3,1.3,5.0,2.0,3.0,60.0,0.0,1.2,-0.8,0.0,0.0,0.0,0.0,2.0,11.0,18.2,16.0,1.0,50.0,44.1,7.0,42.9,37.9,12.0,2.0,16.7,0.0,15.0,7.0,1.0,6.0,85.7,0.0,1.8,0.8,0.0,0.0,0.0,0.0,4.0,10.0,40.0,24.0,6.0,25.0,29.5,5.0,80.0,45.8,7.0,0.0,0.0,5.0,19.7,166.0,288.0,57.6,3221.0,1861.0,54.0,78.0,69.2,77.0,108.0,71.3,23.0,75.0,30.7,1.0,0.6,0.2,6.0,13.0,4.0,0.0,21.0,308.0,432.0,71.3,5666.0,2491.0,128.0,168.0,76.2,146.0,189.0,77.2,34.0,69.0,49.3,2.0,0.7,0.5,9.0,44.0,2.0,0.0,49.0,16.0,11.0,0.0,1.0,1.0,2.0,1.0,2.0,1.0,0.0,1.0,0.0,0.0,0.0,17.0,12.0,2.0,1.0,0.0,1.0,1.0,4.0,3.0,0.0,0.0,0.0,0.0,1.0,23.0,17.0,12.0,9.0,2.0,13.0,20.0,65.0,7.0,12.0,0.0,12.0,7.0,30.0,28.0,0.0,23.0,11.0,7.0,12.0,4.0,15.0,22.0,68.2,7.0,7.0,2.0,5.0,6.0,29.0,31.0,1.0,40.0,424.0,49.0,172.0,160.0,100.0,18.0,424.0,22.0,7.0,31.8,15.0,68.2,167.0,1040.0,451.0,10.0,5.0,6.0,28.0,8.0,165.0,21.0,60.0,556.0,50.0,141.0,300.0,119.0,19.0,556.0,20.0,7.0,35.0,13.0,65.0,230.0,1553.0,919.0,19.0,10.0,6.0,21.0,10.0,301.0,49.0,2.0,0.0,0.0,13.0,13.0,4.0,10.0,7.0,17.0,0.0,0.0,0.0,64.0,9.0,14.0,39.1,2.0,0.0,0.0,13.0,13.0,0.0,14.0,6.0,11.0,0.0,0.0,0.0,58.0,14.0,9.0,60.9,2024-2025
